name,image_url
Libero Morbi Accumsan Foundation,http://placehold.it/350x150
Morbi Incorporated,http://placehold.it/350x150
Imperdiet Limited,http://placehold.it/350x150
Enim Sed Limited,http://placehold.it/350x150
Leo Vivamus Consulting,http://placehold.it/350x150
Feugiat Company,http://placehold.it/350x150
Lobortis Consulting,http://placehold.it/350x150
Nunc Pulvinar Incorporated,http://placehold.it/350x150
Dolor Tempus Non PC,http://placehold.it/350x150
Feugiat Tellus Lorem Company,http://placehold.it/350x150
Sed Consequat Inc.,http://placehold.it/350x150
Congue Ltd,http://placehold.it/350x150
Nunc Quisque Corporation,http://placehold.it/350x150
In Consequat Foundation,http://placehold.it/350x150
Sagittis Augue Corp.,http://placehold.it/350x150
Laoreet Posuere Ltd,http://placehold.it/350x150
Nec LLC,http://placehold.it/350x150
Auctor Odio A Corp.,http://placehold.it/350x150
Tincidunt Donec Vitae LLC,http://placehold.it/350x150
Proin PC,http://placehold.it/350x150
Venenatis Incorporated,http://placehold.it/350x150
Aenean Gravida Nunc Consulting,http://placehold.it/350x150
Donec Associates,http://placehold.it/350x150
Interdum Enim Non Ltd,http://placehold.it/350x150
Integer Aliquam Adipiscing Consulting,http://placehold.it/350x150
Consectetuer Adipiscing Associates,http://placehold.it/350x150
Pede Nunc Associates,http://placehold.it/350x150
Per Conubia Nostra Corporation,http://placehold.it/350x150
Faucibus Id Libero Foundation,http://placehold.it/350x150
Odio Vel Est LLC,http://placehold.it/350x150
Tellus Imperdiet Non PC,http://placehold.it/350x150
Facilisis Suspendisse PC,http://placehold.it/350x150
Augue Ac LLC,http://placehold.it/350x150
Nisi Corporation,http://placehold.it/350x150
Laoreet PC,http://placehold.it/350x150
Metus In Nec Institute,http://placehold.it/350x150
Elementum Associates,http://placehold.it/350x150
Varius Foundation,http://placehold.it/350x150
Lorem Corp.,http://placehold.it/350x150
Pretium Institute,http://placehold.it/350x150
Id Enim Curabitur Associates,http://placehold.it/350x150
In Cursus Et Limited,http://placehold.it/350x150
Vel Institute,http://placehold.it/350x150
Mauris Inc.,http://placehold.it/350x150
Nulla Integer Urna Associates,http://placehold.it/350x150
Vel Pede LLC,http://placehold.it/350x150
Nullam Suscipit Est Associates,http://placehold.it/350x150
Proin LLC,http://placehold.it/350x150
Nunc Ullamcorper Institute,http://placehold.it/350x150
Sollicitudin LLP,http://placehold.it/350x150
Vel Venenatis PC,http://placehold.it/350x150
Dolor Sit Amet LLC,http://placehold.it/350x150
Nullam Enim Sed Company,http://placehold.it/350x150
Risus LLP,http://placehold.it/350x150
Lorem Ac Risus Industries,http://placehold.it/350x150
Arcu Morbi Sit Foundation,http://placehold.it/350x150
Etiam Consulting,http://placehold.it/350x150
Natoque Corporation,http://placehold.it/350x150
Eleifend Corporation,http://placehold.it/350x150
Et Rutrum Company,http://placehold.it/350x150
Vivamus Non Corp.,http://placehold.it/350x150
Nascetur Ridiculus Mus Industries,http://placehold.it/350x150
Eget Mollis Corporation,http://placehold.it/350x150
Donec Elementum Ltd,http://placehold.it/350x150
At Velit Cras Foundation,http://placehold.it/350x150
Lacinia Sed Congue Corp.,http://placehold.it/350x150
Euismod In Dolor Industries,http://placehold.it/350x150
Tempor Bibendum Associates,http://placehold.it/350x150
Morbi Metus Vivamus Foundation,http://placehold.it/350x150
Vitae Inc.,http://placehold.it/350x150
Sed Dictum Proin LLC,http://placehold.it/350x150
Mauris Corporation,http://placehold.it/350x150
Mauris Corporation,http://placehold.it/350x150
Faucibus Inc.,http://placehold.it/350x150
Scelerisque Neque Inc.,http://placehold.it/350x150
Erat Institute,http://placehold.it/350x150
Congue Elit Inc.,http://placehold.it/350x150
Maecenas Consulting,http://placehold.it/350x150
Dictum Ultricies Foundation,http://placehold.it/350x150
Lorem Ipsum Dolor PC,http://placehold.it/350x150
Aliquam Eu Accumsan Consulting,http://placehold.it/350x150
Et Corp.,http://placehold.it/350x150
Nulla Integer LLC,http://placehold.it/350x150
Lorem Vitae Consulting,http://placehold.it/350x150
Ante Bibendum Ullamcorper Industries,http://placehold.it/350x150
Ipsum Limited,http://placehold.it/350x150
Non LLP,http://placehold.it/350x150
Primis In Foundation,http://placehold.it/350x150
Eget Dictum Limited,http://placehold.it/350x150
Natoque Penatibus Et Industries,http://placehold.it/350x150
Nullam Vitae Diam Limited,http://placehold.it/350x150
Cras Associates,http://placehold.it/350x150
Ligula Eu Enim LLP,http://placehold.it/350x150
Vivamus Sit Limited,http://placehold.it/350x150
Suspendisse Eleifend Consulting,http://placehold.it/350x150
Erat Volutpat Consulting,http://placehold.it/350x150
Consequat Lectus Sit Inc.,http://placehold.it/350x150
Risus Morbi Industries,http://placehold.it/350x150
Augue Scelerisque Mollis Incorporated,http://placehold.it/350x150
Praesent Luctus LLP,http://placehold.it/350x150
