2,2,1-503-655-1646,Nulla.interdum.Curabitur@risus.com,2,Dustin,21,"2020-08-07 22:39:41","2020-08-07 22:39:41",2,2,2,"extra value",Dustin==21,Dustin~~1-503-655-1646
3,3,1-376-771-7499,Morbi.sit@nonegestasa.com,3,Ann,40,"2020-08-07 22:39:41","2020-08-07 22:39:41",3,3,3,"extra value",Ann==40,Ann~~1-376-771-7499
1,1,1-306-213-7650,lorem@duiCumsociis.co.uk,1,Audrey,35,"2020-08-07 22:39:41","2020-08-07 22:39:41",1,1,1,"extra value",Audrey==35,Audrey~~1-306-213-7650
4,4,1-476-964-1349,ut@auctorMauris.org,4,Tanisha,20,"2020-08-07 22:39:41","2020-08-07 22:39:41",4,4,4,"extra value",Tanisha==20,Tanisha~~1-476-964-1349
5,5,1-676-331-5079,velit.Pellentesque.ultricies@purusmauris.edu,5,Omar,43,"2020-08-07 22:39:41","2020-08-07 22:39:41",5,5,5,"extra value",Omar==43,Omar~~1-676-331-5079
6,6,1-543-583-8881,Aliquam.erat.volutpat@amet.com,6,Madeline,25,"2020-08-07 22:39:41","2020-08-07 22:39:41",6,6,6,"extra value",Madeline==25,Madeline~~1-543-583-8881
7,7,1-151-971-3050,Aliquam.tincidunt.nunc@acmattis.net,7,Cole,36,"2020-08-07 22:39:41","2020-08-07 22:39:41",7,7,7,"extra value",Cole==36,Cole~~1-151-971-3050
8,8,1-389-399-1089,nec.eleifend.non@orcitincidunt.com,8,Julian,35,"2020-08-07 22:39:41","2020-08-07 22:39:41",8,8,8,"extra value",Julian==35,Julian~~1-389-399-1089
9,9,1-882-935-4669,sit.amet@utpharetra.edu,9,Robin,39,"2020-08-07 22:39:41","2020-08-07 22:39:41",9,9,9,"extra value",Robin==39,Robin~~1-882-935-4669
10,10,1-189-777-6438,quam.Curabitur.vel@Integereu.com,10,Brandon,35,"2020-08-07 22:39:41","2020-08-07 22:39:41",10,10,10,"extra value",Brandon==35,Brandon~~1-189-777-6438
